;Wavenumber;Abs
0;4000,0;102,079985
1;3999,0;102,084277
2;3998,0;102,088549
3;3997,0;102,097821
4;3996,0;102,106599
5;3995,0;102,105773
6;3994,0;102,092873
7;3993,0;102,07285
8;3992,0;102,050964
9;3991,0;102,02896
10;3990,0;102,007507
11;3989,0;101,98854
12;3988,0;101,974051
13;3987,0;101,964685
14;3986,0;101,959733
15;3985,0;101,95702
16;3984,0;101,953853
17;3983,0;101,95036
18;3982,0;101,950642
19;3981,0;101,958358
20;3980,0;101,972345
21;3979,0;101,989187
22;3978,0;102,008407
23;3977,0;102,031134
24;3976,0;102,053557
25;3975,0;102,066421
26;3974,0;102,064221
27;3973,0;102,05308
28;3972,0;102,046513
29;3971,0;102,05277
30;3970,0;102,06774
31;3969,0;102,079371
32;3968,0;102,079104
33;3967,0;102,069228
34;3966,0;102,05999
35;3965,0;102,059152
36;3964,0;102,065243
37;3963,0;102,071342
38;3962,0;102,072802
39;3961,0;102,069255
40;3960,0;102,061207
41;3959,0;102,049422
42;3958,0;102,039035
43;3957,0;102,037459
44;3956,0;102,045236
45;3955,0;102,051977
46;3954,0;102,047177
47;3953,0;102,033856
48;3952,0;102,028633
49;3951,0;102,047767
50;3950,0;102,089976
51;3949,0;102,13409
52;3948,0;102,156793
53;3947,0;102,15536
54;3946,0;102,147535
55;3945,0;102,148949
56;3944,0;102,156861
57;3943,0;102,159048
58;3942,0;102,154662
59;3941,0;102,154067
60;3940,0;102,158834
61;3939,0;102,156318
62;3938,0;102,138045
63;3937,0;102,111685
64;3936,0;102,093669
65;3935,0;102,092936
66;3934,0;102,105845
67;3933,0;102,121155
68;3932,0;102,126285
69;3931,0;102,115182
70;3930,0;102,093098
71;3929,0;102,073724
72;3928,0;102,068398
73;3927,0;102,074129
74;3926,0;102,076076
75;3925,0;102,067099
76;3924,0;102,062305
77;3923,0;102,081904
78;3922,0;102,126591
79;3921,0;102,182396
80;3920,0;102,236072
81;3919,0;102,271789
82;3918,0;102,268022
83;3917,0;102,218314
84;3916,0;102,151392
85;3915,0;102,110468
86;3914,0;102,112533
87;3913,0;102,137665
88;3912,0;102,156345
89;3911,0;102,154177
90;3910,0;102,139553
91;3909,0;102,127883
92;3908,0;102,126385
93;3907,0;102,123123
94;3906,0;102,096479
95;3905,0;102,040293
96;3904,0;101,989233
97;3903,0;102,003515
98;3902,0;102,105014
99;3901,0;102,241531
100;3900,0;102,332156
101;3899,0;102,342623
102;3898,0;102,300334
103;3897,0;102,243209
104;3896,0;102,188105
105;3895,0;102,146359
106;3894,0;102,133966
107;3893,0;102,145315
108;3892,0;102,145727
109;3891,0;102,113318
110;3890,0;102,082466
111;3889,0;102,092406
112;3888,0;102,141909
113;3887,0;102,201172
114;3886,0;102,233488
115;3885,0;102,230865
116;3884,0;102,227045
117;3883,0;102,236096
118;3882,0;102,241131
119;3881,0;102,227952
120;3880,0;102,196991
121;3879,0;102,17314
122;3878,0;102,180262
123;3877,0;102,206084
124;3876,0;102,220988
125;3875,0;102,20293
126;3874,0;102,168209
127;3873,0;102,170983
128;3872,0;102,227535
129;3871,0;102,273218
130;3870,0;102,239885
131;3869,0;102,162212
132;3868,0;102,130123
133;3867,0;102,155142
134;3866,0;102,194026
135;3865,0;102,228682
136;3864,0;102,258403
137;3863,0;102,26864
138;3862,0;102,237833
139;3861,0;102,163695
140;3860,0;102,07301
141;3859,0;101,986572
142;3858,0;101,915823
143;3857,0;101,878966
144;3856,0;101,906978
145;3855,0;101,992901
146;3854,0;102,047735
147;3853,0;102,03262
148;3852,0;102,064669
149;3851,0;102,175345
150;3850,0;102,253968
151;3849,0;102,25631
152;3848,0;102,220763
153;3847,0;102,182227
154;3846,0;102,145746
155;3845,0;102,105892
156;3844,0;102,062803
157;3843,0;102,02196
158;3842,0;101,997905
159;3841,0;102,001308
160;3840,0;102,026136
161;3839,0;102,051224
162;3838,0;102,065402
163;3837,0;102,079682
164;3836,0;102,111358
165;3835,0;102,15585
166;3834,0;102,195093
167;3833,0;102,21716
168;3832,0;102,222253
169;3831,0;102,223299
170;3830,0;102,231598
171;3829,0;102,234778
172;3828,0;102,205239
173;3827,0;102,13104
174;3826,0;102,045347
175;3825,0;102,007856
176;3824,0;102,045582
177;3823,0;102,118536
178;3822,0;102,145003
179;3821,0;102,086708
180;3820,0;102,031255
181;3819,0;102,061639
182;3818,0;102,129751
183;3817,0;102,159007
184;3816,0;102,135869
185;3815,0;102,118971
186;3814,0;102,158052
187;3813,0;102,209072
188;3812,0;102,214843
189;3811,0;102,195885
190;3810,0;102,200339
191;3809,0;102,227232
192;3808,0;102,218879
193;3807,0;102,138286
194;3806,0;102,043679
195;3805,0;102,019503
196;3804,0;102,067867
197;3803,0;102,133192
198;3802,0;102,157269
199;3801,0;102,132943
200;3800,0;102,135676
201;3799,0;102,182999
202;3798,0;102,20501
203;3797,0;102,174893
204;3796,0;102,129982
205;3795,0;102,118152
206;3794,0;102,148457
207;3793,0;102,192621
208;3792,0;102,223132
209;3791,0;102,230021
210;3790,0;102,209766
211;3789,0;102,168406
212;3788,0;102,125929
213;3787,0;102,102355
214;3786,0;102,098172
215;3785,0;102,101552
216;3784,0;102,112774
217;3783,0;102,145716
218;3782,0;102,201345
219;3781,0;102,25468
220;3780,0;102,273797
221;3779,0;102,25189
222;3778,0;102,219566
223;3777,0;102,203774
224;3776,0;102,197742
225;3775,0;102,182271
226;3774,0;102,156026
227;3773,0;102,130272
228;3772,0;102,109972
229;3771,0;102,089916
230;3770,0;102,073382
231;3769,0;102,079253
232;3768,0;102,113197
233;3767,0;102,147372
234;3766,0;102,159882
235;3765,0;102,167636
236;3764,0;102,20185
237;3763,0;102,256084
238;3762,0;102,281912
239;3761,0;102,24928
240;3760,0;102,187384
241;3759,0;102,148991
242;3758,0;102,152502
243;3757,0;102,168686
244;3756,0;102,160032
245;3755,0;102,105555
246;3754,0;102,015504
247;3753,0;101,942
248;3752,0;101,942507
249;3751,0;102,00353
250;3750,0;102,049744
251;3749,0;102,045612
252;3748,0;102,016777
253;3747,0;102,001614
254;3746,0;102,023966
255;3745,0;102,06527
256;3744,0;102,099406
257;3743,0;102,17347
258;3742,0;102,267973
259;3741,0;102,277403
260;3740,0;102,204894
261;3739,0;102,144078
262;3738,0;102,144557
263;3737,0;102,165374
264;3736,0;102,15581
265;3735,0;102,137102
266;3734,0;102,161262
267;3733,0;102,221308
268;3732,0;102,267959
269;3731,0;102,287351
270;3730,0;102,297149
271;3729,0;102,30561
272;3728,0;102,310151
273;3727,0;102,312441
274;3726,0;102,322529
275;3725,0;102,351611
276;3724,0;102,389545
277;3723,0;102,411042
278;3722,0;102,402302
279;3721,0;102,369211
280;3720,0;102,325409
281;3719,0;102,276862
282;3718,0;102,220149
283;3717,0;102,150864
284;3716,0;102,076077
285;3715,0;102,011475
286;3714,0;101,980765
287;3713,0;102,00057
288;3712,0;102,048453
289;3711,0;102,079446
290;3710,0;102,080182
291;3709,0;102,067325
292;3708,0;102,056685
293;3707,0;102,053782
294;3706,0;102,058733
295;3705,0;102,066914
296;3704,0;102,07063
297;3703,0;102,063041
298;3702,0;102,043258
299;3701,0;102,025875
300;3700,0;102,030425
301;3699,0;102,050838
302;3698,0;102,056238
303;3697,0;102,029191
304;3696,0;101,98812
305;3695,0;101,96328
306;3694,0;101,957282
307;3693,0;101,948929
308;3692,0;101,924986
309;3691,0;101,889503
310;3690,0;101,851492
311;3689,0;101,820529
312;3688,0;101,821552
313;3687,0;101,868646
314;3686,0;101,928291
315;3685,0;101,953563
316;3684,0;101,939505
317;3683,0;101,917712
318;3682,0;101,904366
319;3681,0;101,872411
320;3680,0;101,791865
321;3679,0;101,692129
322;3678,0;101,64707
323;3677,0;101,692876
324;3676,0;101,760812
325;3675,0;101,779208
326;3674,0;101,790873
327;3673,0;101,816634
328;3672,0;101,814096
329;3671,0;101,777754
330;3670,0;101,724657
331;3669,0;101,68876
332;3668,0;101,702609
333;3667,0;101,737466
334;3666,0;101,75381
335;3665,0;101,747098
336;3664,0;101,724172
337;3663,0;101,68893
338;3662,0;101,648896
339;3661,0;101,618074
340;3660,0;101,610067
341;3659,0;101,625869
342;3658,0;101,646117
343;3657,0;101,64471
344;3656,0;101,618372
345;3655,0;101,600454
346;3654,0;101,605141
347;3653,0;101,604793
348;3652,0;101,578357
349;3651,0;101,527672
350;3650,0;101,457937
351;3649,0;101,392197
352;3648,0;101,367328
353;3647,0;101,384956
354;3646,0;101,411832
355;3645,0;101,420873
356;3644,0;101,409723
357;3643,0;101,392892
358;3642,0;101,385816
359;3641,0;101,390412
360;3640,0;101,394414
361;3639,0;101,383403
362;3638,0;101,36202
363;3637,0;101,350864
364;3636,0;101,352993
365;3635,0;101,340732
366;3634,0;101,29067
367;3633,0;101,222235
368;3632,0;101,176285
369;3631,0;101,169656
370;3630,0;101,170919
371;3629,0;101,12976
372;3628,0;101,075345
373;3627,0;101,075287
374;3626,0;101,098659
375;3625,0;101,090086
376;3624,0;101,062351
377;3623,0;101,052062
378;3622,0;101,066048
379;3621,0;101,074127
380;3620,0;101,04008
381;3619,0;100,961907
382;3618,0;100,879543
383;3617,0;100,828518
384;3616,0;100,805594
385;3615,0;100,786969
386;3614,0;100,751335
387;3613,0;100,694779
388;3612,0;100,632906
389;3611,0;100,582719
390;3610,0;100,546552
391;3609,0;100,516646
392;3608,0;100,486967
393;3607,0;100,458147
394;3606,0;100,424968
395;3605,0;100,368185
396;3604,0;100,274844
397;3603,0;100,158394
398;3602,0;100,054498
399;3601,0;99,996931
400;3600,0;99,990595
401;3599,0;100,006169
402;3598,0;100,002687
403;3597,0;99,963451
404;3596,0;99,899452
405;3595,0;99,823875
406;3594,0;99,737618
407;3593,0;99,64559
408;3592,0;99,563586
409;3591,0;99,510726
410;3590,0;99,490613
411;3589,0;99,478811
412;3588,0;99,439135
413;3587,0;99,368667
414;3586,0;99,302409
415;3585,0;99,25795
416;3584,0;99,216557
417;3583,0;99,156059
418;3582,0;99,070112
419;3581,0;98,967295
420;3580,0;98,864387
421;3579,0;98,777642
422;3578,0;98,711424
423;3577,0;98,656313
424;3576,0;98,596679
425;3575,0;98,522268
426;3574,0;98,434283
427;3573,0;98,343008
428;3572,0;98,261893
429;3571,0;98,202185
430;3570,0;98,168129
431;3569,0;98,144432
432;3568,0;98,094183
433;3567,0;97,989768
434;3566,0;97,850996
435;3565,0;97,722037
436;3564,0;97,621498
437;3563,0;97,535605
438;3562,0;97,443663
439;3561,0;97,34421
440;3560,0;97,26177
441;3559,0;97,218804
442;3558,0;97,200814
443;3557,0;97,161502
444;3556,0;97,068224
445;3555,0;96,933635
446;3554,0;96,798513
447;3553,0;96,690162
448;3552,0;96,606416
449;3551,0;96,533507
450;3550,0;96,463008
451;3549,0;96,389192
452;3548,0;96,303142
453;3547,0;96,19703
454;3546,0;96,073519
455;3545,0;95,945658
456;3544,0;95,824019
457;3543,0;95,708505
458;3542,0;95,595539
459;3541,0;95,486311
460;3540,0;95,38357
461;3539,0;95,283649
462;3538,0;95,179331
463;3537,0;95,071007
464;3536,0;94,968223
465;3535,0;94,875675
466;3534,0;94,7826
467;3533,0;94,673217
468;3532,0;94,54334
469;3531,0;94,402491
470;3530,0;94,260829
471;3529,0;94,124954
472;3528,0;94,006064
473;3527,0;93,920237
474;3526,0;93,868997
475;3525,0;93,824888
476;3524,0;93,74786
477;3523,0;93,618878
478;3522,0;93,452131
479;3521,0;93,27393
480;3520,0;93,098118
481;3519,0;92,926002
482;3518,0;92,761481
483;3517,0;92,615645
484;3516,0;92,494479
485;3515,0;92,388981
486;3514,0;92,280969
487;3513,0;92,156239
488;3512,0;92,010714
489;3511,0;91,852227
490;3510,0;91,699791
491;3509,0;91,574871
492;3508,0;91,482397
493;3507,0;91,399665
494;3506,0;91,289698
495;3505,0;91,130888
496;3504,0;90,93488
497;3503,0;90,736288
498;3502,0;90,566225
499;3501,0;90,434379
500;3500,0;90,329977
501;3499,0;90,233636
502;3498,0;90,13049
503;3497,0;90,018994
504;3496,0;89,905907
505;3495,0;89,788224
506;3494,0;89,645222
507;3493,0;89,458249
508;3492,0;89,237621
509;3491,0;89,021801
510;3490,0;88,844846
511;3489,0;88,708143
512;3488,0;88,586247
513;3487,0;88,455396
514;3486,0;88,309783
515;3485,0;88,152823
516;3484,0;87,984448
517;3483,0;87,803681
518;3482,0;87,620328
519;3481,0;87,455016
520;3480,0;87,320718
521;3479,0;87,205617
522;3478,0;87,079511
523;3477,0;86,919196
524;3476,0;86,726853
525;3475,0;86,523671
526;3474,0;86,328969
527;3473,0;86,148939
528;3472,0;85,981659
529;3471,0;85,824204
530;3470,0;85,672255
531;3469,0;85,51941
532;3468,0;85,363819
533;3467,0;85,21356
534;3466,0;85,078406
535;3465,0;84,955227
536;3464,0;84,827708
537;3463,0;84,684019
538;3462,0;84,529846
539;3461,0;84,378844
540;3460,0;84,233504
541;3459,0;84,083367
542;3458,0;83,922686
543;3457,0;83,761601
544;3456,0;83,614277
545;3455,0;83,479983
546;3454,0;83,342722
547;3453,0;83,189589
548;3452,0;83,023533
549;3451,0;82,855685
550;3450,0;82,689307
551;3449,0;82,517895
552;3448,0;82,337178
553;3447,0;82,152144
554;3446,0;81,969158
555;3445,0;81,786605
556;3444,0;81,599803
557;3443,0;81,413294
558;3442,0;81,241768
559;3441,0;81,097267
560;3440,0;80,977457
561;3439,0;80,86509
562;3438,0;80,737019
563;3437,0;80,576895
564;3436,0;80,385724
565;3435,0;80,182754
566;3434,0;79,992461
567;3433,0;79,828372
568;3432,0;79,690114
569;3431,0;79,572984
570;3430,0;79,472095
571;3429,0;79,375297
572;3428,0;79,260308
573;3427,0;79,109147
574;3426,0;78,92602
575;3425,0;78,736191
576;3424,0;78,565707
577;3423,0;78,424243
578;3422,0;78,305995
579;3421,0;78,20038
580;3420,0;78,098456
581;3419,0;77,992905
582;3418,0;77,876948
583;3417,0;77,744212
584;3416,0;77,5906
585;3415,0;77,420373
586;3414,0;77,250977
587;3413,0;77,103325
588;3412,0;76,979493
589;3411,0;76,854464
590;3410,0;76,700529
591;3409,0;76,520942
592;3408,0;76,350778
593;3407,0;76,22103
594;3406,0;76,129052
595;3405,0;76,046778
596;3404,0;75,949406
597;3403,0;75,829733
598;3402,0;75,692648
599;3401,0;75,548512
600;3400,0;75,411614
601;3399,0;75,294351
602;3398,0;75,196436
603;3397,0;75,103313
604;3396,0;74,998496
605;3395,0;74,876114
606;3394,0;74,741605
607;3393,0;74,605205
608;3392,0;74,47816
609;3391,0;74,371267
610;3390,0;74,289605
611;3389,0;74,225026
612;3388,0;74,155822
613;3387,0;74,057645
614;3386,0;73,918748
615;3385,0;73,748462
616;3384,0;73,572718
617;3383,0;73,420426
618;3382,0;73,30903
619;3381,0;73,237198
620;3380,0;73,187499
621;3379,0;73,136118
622;3378,0;73,063039
623;3377,0;72,958755
624;3376,0;72,828702
625;3375,0;72,694132
626;3374,0;72,582478
627;3373,0;72,50779
628;3372,0;72,458119
629;3371,0;72,4064
630;3370,0;72,334809
631;3369,0;72,245311
632;3368,0;72,147994
633;3367,0;72,047608
634;3366,0;71,945447
635;3365,0;71,846769
636;3364,0;71,758108
637;3363,0;71,679596
638;3362,0;71,606344
639;3361,0;71,536417
640;3360,0;71,472242
641;3359,0;71,414628
642;3358,0;71,359785
643;3357,0;71,302542
644;3356,0;71,239323
645;3355,0;71,169211
646;3354,0;71,096192
647;3353,0;71,029512
648;3352,0;70,977865
649;3351,0;70,942892
650;3350,0;70,919795
651;3349,0;70,90076
652;3348,0;70,874038
653;3347,0;70,825942
654;3346,0;70,754084
655;3345,0;70,677267
656;3344,0;70,620976
657;3343,0;70,58914
658;3342,0;70,559182
659;3341,0;70,510035
660;3340,0;70,447012
661;3339,0;70,392122
662;3338,0;70,356119
663;3337,0;70,329141
664;3336,0;70,296233
665;3335,0;70,254256
666;3334,0;70,213111
667;3333,0;70,186097
668;3332,0;70,179203
669;3331,0;70,184383
670;3330,0;70,18291
671;3329,0;70,160779
672;3328,0;70,123221
673;3327,0;70,090563
674;3326,0;70,077285
675;3325,0;70,077351
676;3324,0;70,071437
677;3323,0;70,04728
678;3322,0;70,012025
679;3321,0;69,985539
680;3320,0;69,982016
681;3319,0;69,996978
682;3318,0;70,011998
683;3317,0;70,012567
684;3316,0;70,000136
685;3315,0;69,986193
686;3314,0;69,977672
687;3313,0;69,972389
688;3312,0;69,967335
689;3311,0;69,96589
690;3310,0;69,974893
691;3309,0;69,997865
692;3308,0;70,032809
693;3307,0;70,07336
694;3306,0;70,109956
695;3305,0;70,133461
696;3304,0;70,141736
697;3303,0;70,141603
698;3302,0;70,142082
699;3301,0;70,147572
700;3300,0;70,15962
701;3299,0;70,180884
702;3298,0;70,210834
703;3297,0;70,23959
704;3296,0;70,254973
705;3295,0;70,25869
706;3294,0;70,268779
707;3293,0;70,301322
708;3292,0;70,353934
709;3291,0;70,411964
710;3290,0;70,465863
711;3289,0;70,514353
712;3288,0;70,55414
713;3287,0;70,578615
714;3286,0;70,591067
715;3285,0;70,611122
716;3284,0;70,65942
717;3283,0;70,736077
718;3282,0;70,818433
719;3281,0;70,88068
720;3280,0;70,914475
721;3279,0;70,932125
722;3278,0;70,953342
723;3277,0;70,989846
724;3276,0;71,040827
725;3275,0;71,100017
726;3274,0;71,163452
727;3273,0;71,229352
728;3272,0;71,295154
729;3271,0;71,360414
730;3270,0;71,431129
731;3269,0;71,513937
732;3268,0;71,604211
733;3267,0;71,686651
734;3266,0;71,751479
735;3265,0;71,804662
736;3264,0;71,856804
737;3263,0;71,907439
738;3262,0;71,949957
739;3261,0;71,990628
740;3260,0;72,051919
741;3259,0;72,151115
742;3258,0;72,279872
743;3257,0;72,410111
744;3256,0;72,519907
745;3255,0;72,610448
746;3254,0;72,6971
747;3253,0;72,787411
748;3252,0;72,872236
749;3251,0;72,939502
750;3250,0;72,993274
751;3249,0;73,054555
752;3248,0;73,142304
753;3247,0;73,256616
754;3246,0;73,381381
755;3245,0;73,500393
756;3244,0;73,608841
757;3243,0;73,711951
758;3242,0;73,816559
759;3241,0;73,924301
760;3240,0;74,031158
761;3239,0;74,133101
762;3238,0;74,230989
763;3237,0;74,327602
764;3236,0;74,421585
765;3235,0;74,509941
766;3234,0;74,597014
767;3233,0;74,69378
768;3232,0;74,80424
769;3231,0;74,919046
770;3230,0;75,029341
771;3229,0;75,141972
772;3228,0;75,271644
773;3227,0;75,419186
774;3226,0;75,56661
775;3225,0;75,696127
776;3224,0;75,808227
777;3223,0;75,918844
778;3222,0;76,043697
779;3221,0;76,187133
780;3220,0;76,340448
781;3219,0;76,486712
782;3218,0;76,610173
783;3217,0;76,705933
784;3216,0;76,783335
785;3215,0;76,86168
786;3214,0;76,962503
787;3213,0;77,100297
788;3212,0;77,272799
789;3211,0;77,458637
790;3210,0;77,631024
791;3209,0;77,779553
792;3208,0;77,916799
793;3207,0;78,060135
794;3206,0;78,209363
795;3205,0;78,346413
796;3204,0;78,456851
797;3203,0;78,547942
798;3202,0;78,643924
799;3201,0;78,765063
800;3200,0;78,912342
801;3199,0;79,070657
802;3198,0;79,223953
803;3197,0;79,365899
804;3196,0;79,498617
805;3195,0;79,626452
806;3194,0;79,754063
807;3193,0;79,888052
808;3192,0;80,036004
809;3191,0;80,202224
810;3190,0;80,384515
811;3189,0;80,573895
812;3188,0;80,756683
813;3187,0;80,920125
814;3186,0;81,060798
815;3185,0;81,188171
816;3184,0;81,317529
817;3183,0;81,458709
818;3182,0;81,611855
819;3181,0;81,77091
820;3180,0;81,927905
821;3179,0;82,075731
822;3178,0;82,211762
823;3177,0;82,339329
824;3176,0;82,462591
825;3175,0;82,581054
826;3174,0;82,693577
827;3173,0;82,806522
828;3172,0;82,931178
829;3171,0;83,071653
830;3170,0;83,221601
831;3169,0;83,375205
832;3168,0;83,534159
833;3167,0;83,698892
834;3166,0;83,859406
835;3165,0;84,002916
836;3164,0;84,128354
837;3163,0;84,246891
838;3162,0;84,370196
839;3161,0;84,504297
840;3160,0;84,651845
841;3159,0;84,810318
842;3158,0;84,967672
843;3157,0;85,111091
844;3156,0;85,245122
845;3155,0;85,391537
846;3154,0;85,562266
847;3153,0;85,738262
848;3152,0;85,886144
849;3151,0;85,99545
850;3150,0;86,090216
851;3149,0;86,201201
852;3148,0;86,334164
853;3147,0;86,470084
854;3146,0;86,591474
855;3145,0;86,701722
856;3144,0;86,818785
857;3143,0;86,95447
858;3142,0;87,101857
859;3141,0;87,241657
860;3140,0;87,35983
861;3139,0;87,45986
862;3138,0;87,559065
863;3137,0;87,6731
864;3136,0;87,803401
865;3135,0;87,938631
866;3134,0;88,066378
867;3133,0;88,182202
868;3132,0;88,288821
869;3131,0;88,390619
870;3130,0;88,491686
871;3129,0;88,597231
872;3128,0;88,711911
873;3127,0;88,834177
874;3126,0;88,95462
875;3125,0;89,064088
876;3124,0;89,163994
877;3123,0;89,265041
878;3122,0;89,373803
879;3121,0;89,483966
880;3120,0;89,584383
881;3119,0;89,673915
882;3118,0;89,763856
883;3117,0;89,864351
884;3116,0;89,970748
885;3115,0;90,065624
886;3114,0;90,134481
887;3113,0;90,180207
888;3112,0;90,224316
889;3111,0;90,294156
890;3110,0;90,405267
891;3109,0;90,55204
892;3108,0;90,713279
893;3107,0;90,866114
894;3106,0;90,995587
895;3105,0;91,095976
896;3104,0;91,1695
897;3103,0;91,225858
898;3102,0;91,279541
899;3101,0;91,343605
900;3100,0;91,423817
901;3099,0;91,516713
902;3098,0;91,611758
903;3097,0;91,696987
904;3096,0;91,767369
905;3095,0;91,830281
906;3094,0;91,900212
907;3093,0;91,984785
908;3092,0;92,076448
909;3091,0;92,15946
910;3090,0;92,224466
911;3089,0;92,275391
912;3088,0;92,32375
913;3087,0;92,379158
914;3086,0;92,444923
915;3085,0;92,519087
916;3084,0;92,597027
917;3083,0;92,673523
918;3082,0;92,744203
919;3081,0;92,806365
920;3080,0;92,859245
921;3079,0;92,904503
922;3078,0;92,947111
923;3077,0;92,994714
924;3076,0;93,053785
925;3075,0;93,124136
926;3074,0;93,196878
927;3073,0;93,260037
928;3072,0;93,308681
929;3071,0;93,349329
930;3070,0;93,392634
931;3069,0;93,442253
932;3068,0;93,492269
933;3067,0;93,534217
934;3066,0;93,563731
935;3065,0;93,581414
936;3064,0;93,592725
937;3063,0;93,608406
938;3062,0;93,638845
939;3061,0;93,682974
940;3060,0;93,726158
941;3059,0;93,754477
942;3058,0;93,769312
943;3057,0;93,782707
944;3056,0;93,801117
945;3055,0;93,821076
946;3054,0;93,8391
947;3053,0;93,855569
948;3052,0;93,866887
949;3051,0;93,86468
950;3050,0;93,849521
951;3049,0;93,837787
952;3048,0;93,845983
953;3047,0;93,872195
954;3046,0;93,900707
955;3045,0;93,920694
956;3044,0;93,931361
957;3043,0;93,932248
958;3042,0;93,920786
959;3041,0;93,901596
960;3040,0;93,888737
961;3039,0;93,893898
962;3038,0;93,916895
963;3037,0;93,948646
964;3036,0;93,976988
965;3035,0;93,989118
966;3034,0;93,978571
967;3033,0;93,955339
968;3032,0;93,941597
969;3031,0;93,950747
970;3030,0;93,976027
971;3029,0;94,005146
972;3028,0;94,038841
973;3027,0;94,085782
974;3026,0;94,143735
975;3025,0;94,196615
976;3024,0;94,230373
977;3023,0;94,24324
978;3022,0;94,240512
979;3021,0;94,228738
980;3020,0;94,216921
981;3019,0;94,213766
982;3018,0;94,218544
983;3017,0;94,221148
984;3016,0;94,215936
985;3015,0;94,209457
986;3014,0;94,209293
987;3013,0;94,211322
988;3012,0;94,205211
989;3011,0;94,188974
990;3010,0;94,169592
991;3009,0;94,149425
992;3008,0;94,120155
993;3007,0;94,073993
994;3006,0;94,016886
995;3005,0;93,96584
996;3004,0;93,933625
997;3003,0;93,918692
998;3002,0;93,909829
999;3001,0;93,89692
1000;3000,0;93,874687
1001;2999,0;93,838883
1002;2998,0;93,785899
1003;2997,0;93,719525
1004;2996,0;93,653503
1005;2995,0;93,600809
1006;2994,0;93,559761
1007;2993,0;93,515027
1008;2992,0;93,452589
1009;2991,0;93,369292
1010;2990,0;93,26759
1011;2989,0;93,14871
1012;2988,0;93,016828
1013;2987,0;92,88522
1014;2986,0;92,769509
1015;2985,0;92,672661
1016;2984,0;92,580793
1017;2983,0;92,475622
1018;2982,0;92,348585
1019;2981,0;92,201881
1020;2980,0;92,040024
1021;2979,0;91,865534
1022;2978,0;91,683292
1023;2977,0;91,503369
1024;2976,0;91,33196
1025;2975,0;91,157002
1026;2974,0;90,949347
1027;2973,0;90,688475
1028;2972,0;90,389123
1029;2971,0;90,094713
1030;2970,0;89,838032
1031;2969,0;89,611661
1032;2968,0;89,381404
1033;2967,0;89,124239
1034;2966,0;88,846038
1035;2965,0;88,564681
1036;2964,0;88,287606
1037;2963,0;88,00951
1038;2962,0;87,724111
1039;2961,0;87,431703
1040;2960,0;87,138173
1041;2959,0;86,850582
1042;2958,0;86,570859
1043;2957,0;86,291787
1044;2956,0;86,003904
1045;2955,0;85,710039
1046;2954,0;85,427996
1047;2953,0;85,173189
1048;2952,0;84,943148
1049;2951,0;84,725799
1050;2950,0;84,519291
1051;2949,0;84,333603
1052;2948,0;84,17239
1053;2947,0;84,023241
1054;2946,0;83,870557
1055;2945,0;83,711975
1056;2944,0;83,556939
1057;2943,0;83,413557
1058;2942,0;83,28244
1059;2941,0;83,161085
1060;2940,0;83,048697
1061;2939,0;82,946776
1062;2938,0;82,858252
1063;2937,0;82,785258
1064;2936,0;82,724452
1065;2935,0;82,665996
1066;2934,0;82,602184
1067;2933,0;82,537475
1068;2932,0;82,485393
1069;2931,0;82,45379
1070;2930,0;82,438015
1071;2929,0;82,432456
1072;2928,0;82,445663
1073;2927,0;82,497732
1074;2926,0;82,601684
1075;2925,0;82,751407
1076;2924,0;82,929799
1077;2923,0;83,125334
1078;2922,0;83,337902
1079;2921,0;83,570687
1080;2920,0;83,819835
1081;2919,0;84,071416
1082;2918,0;84,306025
1083;2917,0;84,507922
1084;2916,0;84,674299
1085;2915,0;84,817659
1086;2914,0;84,957305
1087;2913,0;85,107048
1088;2912,0;85,27035
1089;2911,0;85,444038
1090;2910,0;85,621738
1091;2909,0;85,793235
1092;2908,0;85,946699
1093;2907,0;86,077903
1094;2906,0;86,196996
1095;2905,0;86,321204
1096;2904,0;86,458233
1097;2903,0;86,597579
1098;2902,0;86,718658
1099;2901,0;86,806916
1100;2900,0;86,863626
1101;2899,0;86,903823
1102;2898,0;86,945415
1103;2897,0;86,996268
1104;2896,0;87,047247
1105;2895,0;87,078892
1106;2894,0;87,078793
1107;2893,0;87,053166
1108;2892,0;87,018471
1109;2891,0;86,98226
1110;2890,0;86,937898
1111;2889,0;86,881497
1112;2888,0;86,828226
1113;2887,0;86,802531
1114;2886,0;86,8104
1115;2885,0;86,827934
1116;2884,0;86,823253
1117;2883,0;86,788193
1118;2882,0;86,744988
1119;2881,0;86,722116
1120;2880,0;86,727637
1121;2879,0;86,746878
1122;2878,0;86,762698
1123;2877,0;86,774385
1124;2876,0;86,796594
1125;2875,0;86,842993
1126;2874,0;86,914646
1127;2873,0;87,004534
1128;2872,0;87,108007
1129;2871,0;87,223259
1130;2870,0;87,343563
1131;2869,0;87,457738
1132;2868,0;87,562165
1133;2867,0;87,665943
1134;2866,0;87,777341
1135;2865,0;87,888103
1136;2864,0;87,978636
1137;2863,0;88,038521
1138;2862,0;88,075367
1139;2861,0;88,103296
1140;2860,0;88,129691
1141;2859,0;88,156115
1142;2858,0;88,186763
1143;2857,0;88,231738
1144;2856,0;88,303152
1145;2855,0;88,408448
1146;2854,0;88,544932
1147;2853,0;88,700939
1148;2852,0;88,86483
1149;2851,0;89,030758
1150;2850,0;89,191195
1151;2849,0;89,327669
1152;2848,0;89,420251
1153;2847,0;89,469748
1154;2846,0;89,500763
1155;2845,0;89,535245
1156;2844,0;89,568733
1157;2843,0;89,579748
1158;2842,0;89,55837
1159;2841,0;89,51664
1160;2840,0;89,471526
1161;2839,0;89,427005
1162;2838,0;89,376951
1163;2837,0;89,32122
1164;2836,0;89,274733
1165;2835,0;89,261109
1166;2834,0;89,297458
1167;2833,0;89,382439
1168;2832,0;89,497426
1169;2831,0;89,620833
1170;2830,0;89,743531
1171;2829,0;89,872325
1172;2828,0;90,021213
1173;2827,0;90,200096
1174;2826,0;90,408067
1175;2825,0;90,632693
1176;2824,0;90,856038
1177;2823,0;91,066022
1178;2822,0;91,264248
1179;2821,0;91,462072
1180;2820,0;91,668414
1181;2819,0;91,881831
1182;2818,0;92,092919
1183;2817,0;92,291884
1184;2816,0;92,474295
1185;2815,0;92,642268
1186;2814,0;92,801392
1187;2813,0;92,955878
1188;2812,0;93,106474
1189;2811,0;93,252368
1190;2810,0;93,391889
1191;2809,0;93,519589
1192;2808,0;93,627079
1193;2807,0;93,712825
1194;2806,0;93,790134
1195;2805,0;93,878819
1196;2804,0;93,986693
1197;2803,0;94,103289
1198;2802,0;94,212994
1199;2801,0;94,309043
1200;2800,0;94,391931
1201;2799,0;94,460477
1202;2798,0;94,512708
1203;2797,0;94,55462
1204;2796,0;94,600481
1205;2795,0;94,660657
1206;2794,0;94,731877
1207;2793,0;94,802609
1208;2792,0;94,866148
1209;2791,0;94,924737
1210;2790,0;94,980985
1211;2789,0;95,03066
1212;2788,0;95,069237
1213;2787,0;95,104075
1214;2786,0;95,152805
1215;2785,0;95,225218
1216;2784,0;95,31036
1217;2783,0;95,38654
1218;2782,0;95,44251
1219;2781,0;95,484013
1220;2780,0;95,521854
1221;2779,0;95,560673
1222;2778,0;95,600045
1223;2777,0;95,638946
1224;2776,0;95,675839
1225;2775,0;95,710343
1226;2774,0;95,748524
1227;2773,0;95,800331
1228;2772,0;95,865883
1229;2771,0;95,928769
1230;2770,0;95,97022
1231;2769,0;95,988733
1232;2768,0;96,000264
1233;2767,0;96,021033
1234;2766,0;96,055858
1235;2765,0;96,101533
1236;2764,0;96,153227
1237;2763,0;96,205008
1238;2762,0;96,250195
1239;2761,0;96,285652
1240;2760,0;96,314141
1241;2759,0;96,340488
1242;2758,0;96,366789
1243;2757,0;96,391939
1244;2756,0;96,414355
1245;2755,0;96,435363
1246;2754,0;96,461491
1247;2753,0;96,501947
1248;2752,0;96,560631
1249;2751,0;96,631216
1250;2750,0;96,702426
1251;2749,0;96,76598
1252;2748,0;96,815949
1253;2747,0;96,844984
1254;2746,0;96,851241
1255;2745,0;96,849997
1256;2744,0;96,868348
1257;2743,0;96,921752
1258;2742,0;96,999348
1259;2741,0;97,075374
1260;2740,0;97,1298
1261;2739,0;97,155085
1262;2738,0;97,152297
1263;2737,0;97,132022
1264;2736,0;97,116929
1265;2735,0;97,131536
1266;2734,0;97,182752
1267;2733,0;97,252493
1268;2732,0;97,311505
1269;2731,0;97,340345
1270;2730,0;97,339779
1271;2729,0;97,326659
1272;2728,0;97,321904
1273;2727,0;97,338844
1274;2726,0;97,377876
1275;2725,0;97,42913
1276;2724,0;97,47884
1277;2723,0;97,514768
1278;2722,0;97,531025
1279;2721,0;97,533029
1280;2720,0;97,537319
1281;2719,0;97,561686
1282;2718,0;97,61125
1283;2717,0;97,672549
1284;2716,0;97,721649
1285;2715,0;97,741249
1286;2714,0;97,734613
1287;2713,0;97,724475
1288;2712,0;97,734551
1289;2711,0;97,769121
1290;2710,0;97,812161
1291;2709,0;97,846956
1292;2708,0;97,872025
1293;2707,0;97,895262
1294;2706,0;97,918939
1295;2705,0;97,938557
1296;2704,0;97,953492
1297;2703,0;97,969091
1298;2702,0;97,986539
1299;2701,0;97,9986
1300;2700,0;97,999884
1301;2699,0;97,996393
1302;2698,0;98,000427
1303;2697,0;98,018482
1304;2696,0;98,047035
1305;2695,0;98,077184
1306;2694,0;98,099681
1307;2693,0;98,108127
1308;2692,0;98,103195
1309;2691,0;98,095038
1310;2690,0;98,097808
1311;2689,0;98,118496
1312;2688,0;98,151192
1313;2687,0;98,183371
1314;2686,0;98,207548
1315;2685,0;98,225547
1316;2684,0;98,241692
1317;2683,0;98,255448
1318;2682,0;98,264172
1319;2681,0;98,270819
1320;2680,0;98,28195
1321;2679,0;98,29567
1322;2678,0;98,298354
1323;2677,0;98,280753
1324;2676,0;98,25499
1325;2675,0;98,247668
1326;2674,0;98,274444
1327;2673,0;98,325356
1328;2672,0;98,37515
1329;2671,0;98,403057
1330;2670,0;98,402692
1331;2669,0;98,381274
1332;2668,0;98,354785
1333;2667,0;98,339438
1334;2666,0;98,34128
1335;2665,0;98,354021
1336;2664,0;98,369218
1337;2663,0;98,385829
1338;2662,0;98,406377
1339;2661,0;98,427187
1340;2660,0;98,439515
1341;2659,0;98,441226
1342;2658,0;98,441636
1343;2657,0;98,450772
1344;2656,0;98,466084
1345;2655,0;98,47389
1346;2654,0;98,465045
1347;2653,0;98,447078
1348;2652,0;98,438082
1349;2651,0;98,448
1350;2650,0;98,467895
1351;2649,0;98,480115
1352;2648,0;98,47806
1353;2647,0;98,47228
1354;2646,0;98,476756
1355;2645,0;98,493621
1356;2644,0;98,513905
1357;2643,0;98,528571
1358;2642,0;98,533279
1359;2641,0;98,525187
1360;2640,0;98,503441
1361;2639,0;98,47565
1362;2638,0;98,458263
1363;2637,0;98,465178
1364;2636,0;98,496659
1365;2635,0;98,541287
1366;2634,0;98,586161
1367;2633,0;98,62199
1368;2632,0;98,641297
1369;2631,0;98,639436
1370;2630,0;98,621046
1371;2629,0;98,601277
1372;2628,0;98,594805
1373;2627,0;98,603331
1374;2626,0;98,617233
1375;2625,0;98,629319
1376;2624,0;98,642711
1377;2623,0;98,663668
1378;2622,0;98,690738
1379;2621,0;98,714909
1380;2620,0;98,728808
1381;2619,0;98,732435
1382;2618,0;98,730848
1383;2617,0;98,729098
1384;2616,0;98,728472
1385;2615,0;98,724928
1386;2614,0;98,712557
1387;2613,0;98,69222
1388;2612,0;98,675659
1389;2611,0;98,676255
1390;2610,0;98,6952
1391;2609,0;98,720711
1392;2608,0;98,740814
1393;2607,0;98,751811
1394;2606,0;98,753905
1395;2605,0;98,746295
1396;2604,0;98,73126
1397;2603,0;98,71703
1398;2602,0;98,70992
1399;2601,0;98,707204
1400;2600,0;98,704643
1401;2599,0;98,70827
1402;2598,0;98,729499
1403;2597,0;98,767683
1404;2596,0;98,806971
1405;2595,0;98,835871
1406;2594,0;98,863216
1407;2593,0;98,906299
1408;2592,0;98,965147
1409;2591,0;99,017221
1410;2590,0;99,040364
1411;2589,0;99,035549
1412;2588,0;99,022807
1413;2587,0;99,01821
1414;2586,0;99,020231
1415;2585,0;99,017422
1416;2584,0;99,003113
1417;2583,0;98,979962
1418;2582,0;98,954522
1419;2581,0;98,932354
1420;2580,0;98,917963
1421;2579,0;98,915794
1422;2578,0;98,928987
1423;2577,0;98,956763
1424;2576,0;98,99297
1425;2575,0;99,028349
1426;2574,0;99,056735
1427;2573,0;99,080038
1428;2572,0;99,105477
1429;2571,0;99,137318
1430;2570,0;99,173054
1431;2569,0;99,206488
1432;2568,0;99,229445
1433;2567,0;99,230108
1434;2566,0;99,19863
1435;2565,0;99,141486
1436;2564,0;99,084419
1437;2563,0;99,051597
1438;2562,0;99,044013
1439;2561,0;99,047173
1440;2560,0;99,057103
1441;2559,0;99,084762
1442;2558,0;99,13103
1443;2557,0;99,171084
1444;2556,0;99,175314
1445;2555,0;99,140684
1446;2554,0;99,092278
1447;2553,0;99,057363
1448;2552,0;99,046386
1449;2551,0;99,055592
1450;2550,0;99,075566
1451;2549,0;99,094089
1452;2548,0;99,100885
1453;2547,0;99,097556
1454;2546,0;99,09927
1455;2545,0;99,120055
1456;2544,0;99,156345
1457;2543,0;99,188363
1458;2542,0;99,197803
1459;2541,0;99,182628
1460;2540,0;99,156074
1461;2539,0;99,134554
1462;2538,0;99,1271
1463;2537,0;99,133328
1464;2536,0;99,147562
1465;2535,0;99,162345
1466;2534,0;99,168436
1467;2533,0;99,15693
1468;2532,0;99,12926
1469;2531,0;99,106171
1470;2530,0;99,117158
1471;2529,0;99,170718
1472;2528,0;99,237297
1473;2527,0;99,272863
1474;2526,0;99,262075
1475;2525,0;99,228533
1476;2524,0;99,199176
1477;2523,0;99,173047
1478;2522,0;99,137725
1479;2521,0;99,104698
1480;2520,0;99,105059
1481;2519,0;99,147446
1482;2518,0;99,200118
1483;2517,0;99,22509
1484;2516,0;99,2171
1485;2515,0;99,19727
1486;2514,0;99,179411
1487;2513,0;99,159368
1488;2512,0;99,132963
1489;2511,0;99,106526
1490;2510,0;99,086029
1491;2509,0;99,06863
1492;2508,0;99,052608
1493;2507,0;99,048782
1494;2506,0;99,073157
1495;2505,0;99,127487
1496;2504,0;99,191024
1497;2503,0;99,235158
1498;2502,0;99,248156
1499;2501,0;99,243265
1500;2500,0;99,238129
1501;2499,0;99,229137
1502;2498,0;99,197448
1503;2497,0;99,143427
1504;2496,0;99,09996
1505;2495,0;99,097853
1506;2494,0;99,126535
1507;2493,0;99,146931
1508;2492,0;99,142535
1509;2491,0;99,13975
1510;2490,0;99,171777
1511;2489,0;99,235689
1512;2488,0;99,293888
1513;2487,0;99,310732
1514;2486,0;99,281663
1515;2485,0;99,23404
1516;2484,0;99,206534
1517;2483,0;99,221918
1518;2482,0;99,271287
1519;2481,0;99,324118
1520;2480,0;99,356437
1521;2479,0;99,368276
1522;2478,0;99,374555
1523;2477,0;99,38599
1524;2476,0;99,402321
1525;2475,0;99,418226
1526;2474,0;99,42992
1527;2473,0;99,437889
1528;2472,0;99,446763
1529;2471,0;99,46173
1530;2470,0;99,484627
1531;2469,0;99,515502
1532;2468,0;99,556211
1533;2467,0;99,606965
1534;2466,0;99,659521
1535;2465,0;99,700094
1536;2464,0;99,720241
1537;2463,0;99,719659
1538;2462,0;99,699678
1539;2461,0;99,663352
1540;2460,0;99,622799
1541;2459,0;99,594797
1542;2458,0;99,583112
1543;2457,0;99,573763
1544;2456,0;99,555379
1545;2455,0;99,538591
1546;2454,0;99,547948
1547;2453,0;99,597412
1548;2452,0;99,677108
1549;2451,0;99,758319
1550;2450,0;99,808204
1551;2449,0;99,809203
1552;2448,0;99,773536
1553;2447,0;99,73484
1554;2446,0;99,718755
1555;2445,0;99,724017
1556;2444,0;99,734005
1557;2443,0;99,738039
1558;2442,0;99,734592
1559;2441,0;99,723737
1560;2440,0;99,709911
1561;2439,0;99,707499
1562;2438,0;99,729124
1563;2437,0;99,767084
1564;2436,0;99,797311
1565;2435,0;99,805209
1566;2434,0;99,800939
1567;2433,0;99,807117
1568;2432,0;99,836665
1569;2431,0;99,883658
1570;2430,0;99,93092
1571;2429,0;99,965129
1572;2428,0;99,986824
1573;2427,0;100,004837
1574;2426,0;100,02118
1575;2425,0;100,028578
1576;2424,0;100,026848
1577;2423,0;100,031798
1578;2422,0;100,056607
1579;2421,0;100,089888
1580;2420,0;100,105522
1581;2419,0;100,093207
1582;2418,0;100,067715
1583;2417,0;100,048535
1584;2416,0;100,042559
1585;2415,0;100,047699
1586;2414,0;100,059884
1587;2413,0;100,0711
1588;2412,0;100,071472
1589;2411,0;100,06059
1590;2410,0;100,050467
1591;2409,0;100,053103
1592;2408,0;100,070982
1593;2407,0;100,100497
1594;2406,0;100,134247
1595;2405,0;100,1575
1596;2404,0;100,156837
1597;2403,0;100,141042
1598;2402,0;100,14105
1599;2401,0;100,176242
1600;2400,0;100,228086
1601;2399,0;100,259622
1602;2398,0;100,255897
1603;2397,0;100,233306
1604;2396,0;100,214543
1605;2395,0;100,20981
1606;2394,0;100,220464
1607;2393,0;100,242957
1608;2392,0;100,264264
1609;2391,0;100,267736
1610;2390,0;100,252235
1611;2389,0;100,237423
1612;2388,0;100,243621
1613;2387,0;100,272889
1614;2386,0;100,314066
1615;2385,0;100,35731
1616;2384,0;100,396151
1617;2383,0;100,423347
1618;2382,0;100,436793
1619;2381,0;100,446837
1620;2380,0;100,464771
1621;2379,0;100,481429
1622;2378,0;100,469657
1623;2377,0;100,416239
1624;2376,0;100,341025
1625;2375,0;100,276243
1626;2374,0;100,238161
1627;2373,0;100,235473
1628;2372,0;100,297898
1629;2371,0;100,466696
1630;2370,0;100,740224
1631;2369,0;101,039335
1632;2368,0;101,24662
1633;2367,0;101,289912
1634;2366,0;101,190879
1635;2365,0;101,036876
1636;2364,0;100,898691
1637;2363,0;100,775359
1638;2362,0;100,641181
1639;2361,0;100,522549
1640;2360,0;100,492588
1641;2359,0;100,580094
1642;2358,0;100,7012
1643;2357,0;100,7417
1644;2356,0;100,682934
1645;2355,0;100,607327
1646;2354,0;100,600335
1647;2353,0;100,674538
1648;2352,0;100,792881
1649;2351,0;100,898915
1650;2350,0;100,940432
1651;2349,0;100,903173
1652;2348,0;100,822949
1653;2347,0;100,775275
1654;2346,0;100,796073
1655;2345,0;100,852943
1656;2344,0;100,908406
1657;2343,0;100,943731
1658;2342,0;100,929297
1659;2341,0;100,834527
1660;2340,0;100,699397
1661;2339,0;100,597994
1662;2338,0;100,563247
1663;2337,0;100,58131
1664;2336,0;100,638316
1665;2335,0;100,718065
1666;2334,0;100,776016
1667;2333,0;100,767196
1668;2332,0;100,713534
1669;2331,0;100,685598
1670;2330,0;100,714086
1671;2329,0;100,769583
1672;2328,0;100,807864
1673;2327,0;100,831766
1674;2326,0;100,847985
1675;2325,0;100,847167
1676;2324,0;100,814003
1677;2323,0;100,75835
1678;2322,0;100,716343
1679;2321,0;100,707723
1680;2320,0;100,732102
1681;2319,0;100,776007
1682;2318,0;100,825793
1683;2317,0;100,859387
1684;2316,0;100,855339
1685;2315,0;100,813356
1686;2314,0;100,760066
1687;2313,0;100,736361
1688;2312,0;100,764087
1689;2311,0;100,831325
1690;2310,0;100,892747
1691;2309,0;100,907253
1692;2308,0;100,868014
1693;2307,0;100,810405
1694;2306,0;100,773681
1695;2305,0;100,76912
1696;2304,0;100,779583
1697;2303,0;100,789581
1698;2302,0;100,798705
1699;2301,0;100,810712
1700;2300,0;100,818212
1701;2299,0;100,812169
1702;2298,0;100,793329
1703;2297,0;100,772388
1704;2296,0;100,755017
1705;2295,0;100,742652
1706;2294,0;100,737964
1707;2293,0;100,747441
1708;2292,0;100,768783
1709;2291,0;100,786979
1710;2290,0;100,783842
1711;2289,0;100,753811
1712;2288,0;100,706469
1713;2287,0;100,655622
1714;2286,0;100,607689
1715;2285,0;100,559638
1716;2284,0;100,506542
1717;2283,0;100,450079
1718;2282,0;100,401912
1719;2281,0;100,377632
1720;2280,0;100,387289
1721;2279,0;100,428704
1722;2278,0;100,488807
1723;2277,0;100,550031
1724;2276,0;100,59903
1725;2275,0;100,630703
1726;2274,0;100,643965
1727;2273,0;100,637069
1728;2272,0;100,612259
1729;2271,0;100,586004
1730;2270,0;100,583636
1731;2269,0;100,613009
1732;2268,0;100,64622
1733;2267,0;100,640651
1734;2266,0;100,583228
1735;2265,0;100,505954
1736;2264,0;100,452715
1737;2263,0;100,440234
1738;2262,0;100,457313
1739;2261,0;100,491861
1740;2260,0;100,543064
1741;2259,0;100,607154
1742;2258,0;100,664275
1743;2257,0;100,686101
1744;2256,0;100,656607
1745;2255,0;100,585337
1746;2254,0;100,505331
1747;2253,0;100,456592
1748;2252,0;100,463127
1749;2251,0;100,519877
1750;2250,0;100,599216
1751;2249,0;100,668437
1752;2248,0;100,701584
1753;2247,0;100,685197
1754;2246,0;100,627375
1755;2245,0;100,565031
1756;2244,0;100,548199
1757;2243,0;100,601735
1758;2242,0;100,69933
1759;2241,0;100,780695
1760;2240,0;100,800187
1761;2239,0;100,760944
1762;2238,0;100,70406
1763;2237,0;100,669168
1764;2236,0;100,667713
1765;2235,0;100,689951
1766;2234,0;100,725432
1767;2233,0;100,767773
1768;2232,0;100,807639
1769;2231,0;100,835338
1770;2230,0;100,848454
1771;2229,0;100,842903
1772;2228,0;100,800387
1773;2227,0;100,708917
1774;2226,0;100,601441
1775;2225,0;100,544153
1776;2224,0;100,564551
1777;2223,0;100,613537
1778;2222,0;100,625579
1779;2221,0;100,599657
1780;2220,0;100,587211
1781;2219,0;100,609008
1782;2218,0;100,623744
1783;2217,0;100,585648
1784;2216,0;100,502524
1785;2215,0;100,425101
1786;2214,0;100,40214
1787;2213,0;100,452414
1788;2212,0;100,55396
1789;2211,0;100,647982
1790;2210,0;100,674678
1791;2209,0;100,624615
1792;2208,0;100,547316
1793;2207,0;100,503827
1794;2206,0;100,522478
1795;2205,0;100,594378
1796;2204,0;100,68408
1797;2203,0;100,739542
1798;2202,0;100,7211
1799;2201,0;100,640568
1800;2200,0;100,55661
1801;2199,0;100,520688
1802;2198,0;100,540305
1803;2197,0;100,59076
1804;2196,0;100,635614
1805;2195,0;100,636689
1806;2194,0;100,583109
1807;2193,0;100,524068
1808;2192,0;100,533075
1809;2191,0;100,616942
1810;2190,0;100,693958
1811;2189,0;100,688979
1812;2188,0;100,61812
1813;2187,0;100,547327
1814;2186,0;100,504039
1815;2185,0;100,473961
1816;2184,0;100,4557
1817;2183,0;100,463964
1818;2182,0;100,488265
1819;2181,0;100,498714
1820;2180,0;100,494829
1821;2179,0;100,510488
1822;2178,0;100,568894
1823;2177,0;100,658525
1824;2176,0;100,746915
1825;2175,0;100,79508
1826;2174,0;100,773656
1827;2173,0;100,69709
1828;2172,0;100,627242
1829;2171,0;100,60914
1830;2170,0;100,616326
1831;2169,0;100,593599
1832;2168,0;100,539429
1833;2167,0;100,500035
1834;2166,0;100,489412
1835;2165,0;100,47354
1836;2164,0;100,444809
1837;2163,0;100,454085
1838;2162,0;100,540363
1839;2161,0;100,670969
1840;2160,0;100,782082
1841;2159,0;100,842125
1842;2158,0;100,841368
1843;2157,0;100,765948
1844;2156,0;100,627525
1845;2155,0;100,482923
1846;2154,0;100,3891
1847;2153,0;100,354811
1848;2152,0;100,355194
1849;2151,0;100,376635
1850;2150,0;100,421607
1851;2149,0;100,481224
1852;2148,0;100,531942
1853;2147,0;100,55775
1854;2146,0;100,554431
1855;2145,0;100,514293
1856;2144,0;100,431718
1857;2143,0;100,332366
1858;2142,0;100,27732
1859;2141,0;100,316043
1860;2140,0;100,434069
1861;2139,0;100,559598
1862;2138,0;100,623989
1863;2137,0;100,609952
1864;2136,0;100,545686
1865;2135,0;100,472156
1866;2134,0;100,42646
1867;2133,0;100,433344
1868;2132,0;100,484139
1869;2131,0;100,530919
1870;2130,0;100,528934
1871;2129,0;100,491313
1872;2128,0;100,480498
1873;2127,0;100,534408
1874;2126,0;100,618108
1875;2125,0;100,661758
1876;2124,0;100,634325
1877;2123,0;100,565485
1878;2122,0;100,505856
1879;2121,0;100,482442
1880;2120,0;100,485833
1881;2119,0;100,484421
1882;2118,0;100,45234
1883;2117,0;100,396579
1884;2116,0;100,356257
1885;2115,0;100,363783
1886;2114,0;100,407152
1887;2113,0;100,442077
1888;2112,0;100,44347
1889;2111,0;100,432375
1890;2110,0;100,445152
1891;2109,0;100,485617
1892;2108,0;100,519476
1893;2107,0;100,516479
1894;2106,0;100,488892
1895;2105,0;100,479846
1896;2104,0;100,513682
1897;2103,0;100,567572
1898;2102,0;100,599329
1899;2101,0;100,596132
1900;2100,0;100,583898
1901;2099,0;100,593038
1902;2098,0;100,630658
1903;2097,0;100,682939
1904;2096,0;100,725697
1905;2095,0;100,73243
1906;2094,0;100,695018
1907;2093,0;100,643123
1908;2092,0;100,619974
1909;2091,0;100,62913
1910;2090,0;100,626421
1911;2089,0;100,578628
1912;2088,0;100,510322
1913;2087,0;100,472502
1914;2086,0;100,4812
1915;2085,0;100,509302
1916;2084,0;100,52724
1917;2083,0;100,527932
1918;2082,0;100,517661
1919;2081,0;100,506359
1920;2080,0;100,505726
1921;2079,0;100,516838
1922;2078,0;100,519564
1923;2077,0;100,491134
1924;2076,0;100,435958
1925;2075,0;100,383146
1926;2074,0;100,356563
1927;2073,0;100,361017
1928;2072,0;100,392314
1929;2071,0;100,443774
1930;2070,0;100,502243
1931;2069,0;100,551812
1932;2068,0;100,584937
1933;2067,0;100,602609
1934;2066,0;100,60739
1935;2065,0;100,60356
1936;2064,0;100,596154
1937;2063,0;100,581698
1938;2062,0;100,550573
1939;2061,0;100,50651
1940;2060,0;100,468235
1941;2059,0;100,441091
1942;2058,0;100,407669
1943;2057,0;100,362906
1944;2056,0;100,33496
1945;2055,0;100,345448
1946;2054,0;100,368136
1947;2053,0;100,361494
1948;2052,0;100,332097
1949;2051,0;100,332294
1950;2050,0;100,396465
1951;2049,0;100,502494
1952;2048,0;100,597958
1953;2047,0;100,643444
1954;2046,0;100,62917
1955;2045,0;100,578124
1956;2044,0;100,534228
1957;2043,0;100,522231
1958;2042,0;100,523836
1959;2041,0;100,512916
1960;2040,0;100,496007
1961;2039,0;100,48783
1962;2038,0;100,472895
1963;2037,0;100,440593
1964;2036,0;100,439769
1965;2035,0;100,532255
1966;2034,0;100,686249
1967;2033,0;100,777489
1968;2032,0;100,719284
1969;2031,0;100,544926
1970;2030,0;100,355552
1971;2029,0;100,24095
1972;2028,0;100,248388
1973;2027,0;100,365697
1974;2026,0;100,509575
1975;2025,0;100,577216
1976;2024,0;100,543088
1977;2023,0;100,475197
1978;2022,0;100,445817
1979;2021,0;100,465147
1980;2020,0;100,512534
1981;2019,0;100,582826
1982;2018,0;100,667724
1983;2017,0;100,726193
1984;2016,0;100,71792
1985;2015,0;100,652131
1986;2014,0;100,5744
1987;2013,0;100,517205
1988;2012,0;100,482795
1989;2011,0;100,466278
1990;2010,0;100,475008
1991;2009,0;100,517304
1992;2008,0;100,578034
1993;2007,0;100,618642
1994;2006,0;100,615051
1995;2005,0;100,593525
1996;2004,0;100,605575
1997;2003,0;100,662053
1998;2002,0;100,717711
1999;2001,0;100,733712
2000;2000,0;100,73196
2001;1999,0;100,757435
2002;1998,0;100,808629
2003;1997,0;100,843561
2004;1996,0;100,841396
2005;1995,0;100,817744
2006;1994,0;100,780833
2007;1993,0;100,712531
2008;1992,0;100,603346
2009;1991,0;100,477568
2010;1990,0;100,370065
2011;1989,0;100,30039
2012;1988,0;100,275254
2013;1987,0;100,295597
2014;1986,0;100,355458
2015;1985,0;100,447239
2016;1984,0;100,567386
2017;1983,0;100,701976
2018;1982,0;100,810519
2019;1981,0;100,844661
2020;1980,0;100,788473
2021;1979,0;100,669128
2022;1978,0;100,541136
2023;1977,0;100,471947
2024;1976,0;100,510611
2025;1975,0;100,639185
2026;1974,0;100,771072
2027;1973,0;100,831438
2028;1972,0;100,830859
2029;1971,0;100,828627
2030;1970,0;100,843055
2031;1969,0;100,839447
2032;1968,0;100,793154
2033;1967,0;100,719978
2034;1966,0;100,642121
2035;1965,0;100,564678
2036;1964,0;100,492936
2037;1963,0;100,440388
2038;1962,0;100,412194
2039;1961,0;100,403954
2040;1960,0;100,419894
2041;1959,0;100,469737
2042;1958,0;100,544916
2043;1957,0;100,617557
2044;1956,0;100,665631
2045;1955,0;100,683997
2046;1954,0;100,674561
2047;1953,0;100,644422
2048;1952,0;100,610372
2049;1951,0;100,591841
2050;1950,0;100,597755
2051;1949,0;100,624353
2052;1948,0;100,657987
2053;1947,0;100,669988
2054;1946,0;100,627567
2055;1945,0;100,53167
2056;1944,0;100,433999
2057;1943,0;100,395046
2058;1942,0;100,426505
2059;1941,0;100,491168
2060;1940,0;100,548796
2061;1939,0;100,578263
2062;1938,0;100,572574
2063;1937,0;100,544133
2064;1936,0;100,523828
2065;1935,0;100,527816
2066;1934,0;100,533678
2067;1933,0;100,510795
2068;1932,0;100,461387
2069;1931,0;100,410967
2070;1930,0;100,369397
2071;1929,0;100,332382
2072;1928,0;100,315248
2073;1927,0;100,345691
2074;1926,0;100,426504
2075;1925,0;100,525326
2076;1924,0;100,605234
2077;1923,0;100,64821
2078;1922,0;100,649799
2079;1921,0;100,619465
2080;1920,0;100,584851
2081;1919,0;100,572655
2082;1918,0;100,577794
2083;1917,0;100,573027
2084;1916,0;100,552018
2085;1915,0;100,532956
2086;1914,0;100,524909
2087;1913,0;100,519117
2088;1912,0;100,510347
2089;1911,0;100,504162
2090;1910,0;100,494704
2091;1909,0;100,464587
2092;1908,0;100,418364
2093;1907,0;100,386295
2094;1906,0;100,389347
2095;1905,0;100,41386
2096;1904,0;100,432549
2097;1903,0;100,436525
2098;1902,0;100,43152
2099;1901,0;100,423527
2100;1900,0;100,415828
2101;1899,0;100,406132
2102;1898,0;100,387083
2103;1897,0;100,358473
2104;1896,0;100,338746
2105;1895,0;100,349301
2106;1894,0;100,382947
2107;1893,0;100,408759
2108;1892,0;100,407522
2109;1891,0;100,383195
2110;1890,0;100,343277
2111;1889,0;100,293053
2112;1888,0;100,248635
2113;1887,0;100,229659
2114;1886,0;100,236921
2115;1885,0;100,252913
2116;1884,0;100,26562
2117;1883,0;100,27886
2118;1882,0;100,294106
2119;1881,0;100,303161
2120;1880,0;100,304419
2121;1879,0;100,30416
2122;1878,0;100,302141
2123;1877,0;100,293267
2124;1876,0;100,284237
2125;1875,0;100,292204
2126;1874,0;100,31864
2127;1873,0;100,342588
2128;1872,0;100,349284
2129;1871,0;100,345556
2130;1870,0;100,337098
2131;1869,0;100,31178
2132;1868,0;100,267759
2133;1867,0;100,231729
2134;1866,0;100,226272
2135;1865,0;100,244602
2136;1864,0;100,26428
2137;1863,0;100,271432
2138;1862,0;100,26696
2139;1861,0;100,256297
2140;1860,0;100,241708
2141;1859,0;100,220605
2142;1858,0;100,188281
2143;1857,0;100,147501
2144;1856,0;100,113635
2145;1855,0;100,102299
2146;1854,0;100,112254
2147;1853,0;100,127765
2148;1852,0;100,138117
2149;1851,0;100,135329
2150;1850,0;100,108578
2151;1849,0;100,059213
2152;1848,0;100,01066
2153;1847,0;99,98965
2154;1846,0;99,998915
2155;1845,0;100,018879
2156;1844,0;100,033475
2157;1843,0;100,041543
2158;1842,0;100,035162
2159;1841,0;100,007745
2160;1840,0;99,980191
2161;1839,0;99,979407
2162;1838,0;100,000849
2163;1837,0;100,00869
2164;1836,0;99,982797
2165;1835,0;99,943777
2166;1834,0;99,918917
2167;1833,0;99,912252
2168;1832,0;99,914835
2169;1831,0;99,918548
2170;1830,0;99,916427
2171;1829,0;99,905303
2172;1828,0;99,889243
2173;1827,0;99,879089
2174;1826,0;99,885673
2175;1825,0;99,905138
2176;1824,0;99,919516
2177;1823,0;99,916022
2178;1822,0;99,893959
2179;1821,0;99,862908
2180;1820,0;99,839762
2181;1819,0;99,838276
2182;1818,0;99,855544
2183;1817,0;99,868155
2184;1816,0;99,857392
2185;1815,0;99,829819
2186;1814,0;99,800408
2187;1813,0;99,775413
2188;1812,0;99,753024
2189;1811,0;99,735226
2190;1810,0;99,725711
2191;1809,0;99,718074
2192;1808,0;99,706966
2193;1807,0;99,696464
2194;1806,0;99,687244
2195;1805,0;99,670723
2196;1804,0;99,645299
2197;1803,0;99,624986
2198;1802,0;99,617994
2199;1801,0;99,615008
2200;1800,0;99,602837
2201;1799,0;99,584055
2202;1798,0;99,567163
2203;1797,0;99,546218
2204;1796,0;99,510222
2205;1795,0;99,457474
2206;1794,0;99,396611
2207;1793,0;99,345355
2208;1792,0;99,324812
2209;1791,0;99,338834
2210;1790,0;99,358684
2211;1789,0;99,354651
2212;1788,0;99,33314
2213;1787,0;99,319148
2214;1786,0;99,315326
2215;1785,0;99,293129
2216;1784,0;99,235172
2217;1783,0;99,161044
2218;1782,0;99,095724
2219;1781,0;99,050011
2220;1780,0;99,019844
2221;1779,0;98,995667
2222;1778,0;98,966098
2223;1777,0;98,91833
2224;1776,0;98,855639
2225;1775,0;98,794217
2226;1774,0;98,746834
2227;1773,0;98,708565
2228;1772,0;98,666085
2229;1771,0;98,619656
2230;1770,0;98,570842
2231;1769,0;98,509713
2232;1768,0;98,429914
2233;1767,0;98,338032
2234;1766,0;98,244762
2235;1765,0;98,154738
2236;1764,0;98,065917
2237;1763,0;97,9732
2238;1762,0;97,870616
2239;1761,0;97,762218
2240;1760,0;97,653282
2241;1759,0;97,539236
2242;1758,0;97,40195
2243;1757,0;97,220744
2244;1756,0;97,002925
2245;1755,0;96,774559
2246;1754,0;96,546006
2247;1753,0;96,304541
2248;1752,0;96,031478
2249;1751,0;95,720135
2250;1750,0;95,380545
2251;1749,0;95,020043
2252;1748,0;94,653263
2253;1747,0;94,309656
2254;1746,0;94,009411
2255;1745,0;93,763321
2256;1744,0;93,581042
2257;1743,0;93,471143
2258;1742,0;93,432477
2259;1741,0;93,458097
2260;1740,0;93,546512
2261;1739,0;93,693091
2262;1738,0;93,875385
2263;1737,0;94,077741
2264;1736,0;94,328256
2265;1735,0;94,662754
2266;1734,0;95,027953
2267;1733,0;95,324394
2268;1732,0;95,518729
2269;1731,0;95,638708
2270;1730,0;95,725107
2271;1729,0;95,797595
2272;1728,0;95,862171
2273;1727,0;95,926715
2274;1726,0;96,001395
2275;1725,0;96,093811
2276;1724,0;96,1933
2277;1723,0;96,283442
2278;1722,0;96,358694
2279;1721,0;96,425823
2280;1720,0;96,503766
2281;1719,0;96,613897
2282;1718,0;96,757203
2283;1717,0;96,9051
2284;1716,0;97,03143
2285;1715,0;97,136055
2286;1714,0;97,230244
2287;1713,0;97,314076
2288;1712,0;97,382113
2289;1711,0;97,439364
2290;1710,0;97,494367
2291;1709,0;97,55105
2292;1708,0;97,610491
2293;1707,0;97,669475
2294;1706,0;97,719333
2295;1705,0;97,749569
2296;1704,0;97,767645
2297;1703,0;97,790909
2298;1702,0;97,842091
2299;1701,0;97,920317
2300;1700,0;97,991228
2301;1699,0;98,05342
2302;1698,0;98,102949
2303;1697,0;98,129492
2304;1696,0;98,144198
2305;1695,0;98,159735
2306;1694,0;98,170486
2307;1693,0;98,154898
2308;1692,0;98,123283
2309;1691,0;98,105043
2310;1690,0;98,105862
2311;1689,0;98,110624
2312;1688,0;98,113608
2313;1687,0;98,1171
2314;1686,0;98,127369
2315;1685,0;98,125144
2316;1684,0;98,092108
2317;1683,0;98,067898
2318;1682,0;98,052368
2319;1681,0;98,016174
2320;1680,0;97,972584
2321;1679,0;97,93685
2322;1678,0;97,909418
2323;1677,0;97,886687
2324;1676,0;97,861931
2325;1675,0;97,827589
2326;1674,0;97,787704
2327;1673,0;97,751124
2328;1672,0;97,720247
2329;1671,0;97,698878
2330;1670,0;97,678914
2331;1669,0;97,656388
2332;1668,0;97,643502
2333;1667,0;97,63439
2334;1666,0;97,616552
2335;1665,0;97,594032
2336;1664,0;97,578061
2337;1663,0;97,571801
2338;1662,0;97,563362
2339;1661,0;97,547668
2340;1660,0;97,533059
2341;1659,0;97,52692
2342;1658,0;97,52402
2343;1657,0;97,517351
2344;1656,0;97,505893
2345;1655,0;97,495506
2346;1654,0;97,480516
2347;1653,0;97,458247
2348;1652,0;97,492696
2349;1651,0;97,552763
2350;1650,0;97,56107
2351;1649,0;97,547877
2352;1648,0;97,556504
2353;1647,0;97,59148
2354;1646,0;97,640208
2355;1645,0;97,68918
2356;1644,0;97,723629
2357;1643,0;97,748072
2358;1642,0;97,771338
2359;1641,0;97,792774
2360;1640,0;97,810145
2361;1639,0;97,822084
2362;1638,0;97,829358
2363;1637,0;97,832313
2364;1636,0;97,838308
2365;1635,0;97,867365
2366;1634,0;97,922064
2367;1633,0;97,964968
2368;1632,0;97,980372
2369;1631,0;97,988696
2370;1630,0;98,002589
2371;1629,0;98,023774
2372;1628,0;98,054846
2373;1627,0;98,096476
2374;1626,0;98,134369
2375;1625,0;98,156986
2376;1624,0;98,172357
2377;1623,0;98,197556
2378;1622,0;98,233587
2379;1621,0;98,263834
2380;1620,0;98,279553
2381;1619,0;98,287997
2382;1618,0;98,295981
2383;1617,0;98,299656
2384;1616,0;98,311721
2385;1615,0;98,340817
2386;1614,0;98,364412
2387;1613,0;98,37175
2388;1612,0;98,377849
2389;1611,0;98,394649
2390;1610,0;98,414513
2391;1609,0;98,426705
2392;1608,0;98,434969
2393;1607,0;98,448886
2394;1606,0;98,468165
2395;1605,0;98,490131
2396;1604,0;98,51349
2397;1603,0;98,531125
2398;1602,0;98,538067
2399;1601,0;98,539421
2400;1600,0;98,544116
2401;1599,0;98,551362
2402;1598,0;98,553277
2403;1597,0;98,549199
2404;1596,0;98,546249
2405;1595,0;98,547818
2406;1594,0;98,549097
2407;1593,0;98,54702
2408;1592,0;98,545079
2409;1591,0;98,545383
2410;1590,0;98,545579
2411;1589,0;98,547261
2412;1588,0;98,556016
2413;1587,0;98,569401
2414;1586,0;98,575847
2415;1585,0;98,57064
2416;1584,0;98,566007
2417;1583,0;98,56806
2418;1582,0;98,568199
2419;1581,0;98,560095
2420;1580,0;98,544956
2421;1579,0;98,519749
2422;1578,0;98,482756
2423;1577,0;98,450343
2424;1576,0;98,451754
2425;1575,0;98,490924
2426;1574,0;98,522526
2427;1573,0;98,518194
2428;1572,0;98,497356
2429;1571,0;98,480209
2430;1570,0;98,459967
2431;1569,0;98,435515
2432;1568,0;98,424968
2433;1567,0;98,421582
2434;1566,0;98,406935
2435;1565,0;98,380094
2436;1564,0;98,354728
2437;1563,0;98,335771
2438;1562,0;98,320564
2439;1561,0;98,317678
2440;1560,0;98,346953
2441;1559,0;98,358908
2442;1558,0;98,346076
2443;1557,0;98,346537
2444;1556,0;98,341844
2445;1555,0;98,335904
2446;1554,0;98,328466
2447;1553,0;98,313956
2448;1552,0;98,301769
2449;1551,0;98,29362
2450;1550,0;98,277823
2451;1549,0;98,240093
2452;1548,0;98,19564
2453;1547,0;98,169916
2454;1546,0;98,16528
2455;1545,0;98,159051
2456;1544,0;98,130118
2457;1543,0;98,077424
2458;1542,0;98,010495
2459;1541,0;97,928534
2460;1540,0;97,840639
2461;1539,0;97,791066
2462;1538,0;97,775948
2463;1537,0;97,744557
2464;1536,0;97,695647
2465;1535,0;97,65796
2466;1534,0;97,627283
2467;1533,0;97,585096
2468;1532,0;97,53152
2469;1531,0;97,472042
2470;1530,0;97,411553
2471;1529,0;97,356716
2472;1528,0;97,311813
2473;1527,0;97,268932
2474;1526,0;97,206057
2475;1525,0;97,117376
2476;1524,0;97,022916
2477;1523,0;96,943058
2478;1522,0;96,873435
2479;1521,0;96,805593
2480;1520,0;96,748855
2481;1519,0;96,693124
2482;1518,0;96,616481
2483;1517,0;96,517015
2484;1516,0;96,41656
2485;1515,0;96,334268
2486;1514,0;96,256988
2487;1513,0;96,169058
2488;1512,0;96,072567
2489;1511,0;95,978619
2490;1510,0;95,88504
2491;1509,0;95,765836
2492;1508,0;95,577462
2493;1507,0;95,279083
2494;1506,0;94,927253
2495;1505,0;94,617364
2496;1504,0;94,338266
2497;1503,0;94,037294
2498;1502,0;93,677301
2499;1501,0;93,227666
2500;1500,0;92,682519
2501;1499,0;92,046423
2502;1498,0;91,30511
2503;1497,0;90,45585
2504;1496,0;89,586666
2505;1495,0;88,826529
2506;1494,0;88,213799
2507;1493,0;87,720912
2508;1492,0;87,32967
2509;1491,0;87,024156
2510;1490,0;86,766876
2511;1489,0;86,514478
2512;1488,0;86,239335
2513;1487,0;85,92858
2514;1486,0;85,578908
2515;1485,0;85,201282
2516;1484,0;84,817321
2517;1483,0;84,430647
2518;1482,0;84,042664
2519;1481,0;83,683409
2520;1480,0;83,392226
2521;1479,0;83,177382
2522;1478,0;83,02443
2523;1477,0;82,929706
2524;1476,0;82,89667
2525;1475,0;82,91241
2526;1474,0;82,941339
2527;1473,0;82,954012
2528;1472,0;82,945381
2529;1471,0;82,921878
2530;1470,0;82,886662
2531;1469,0;82,850696
2532;1468,0;82,83094
2533;1467,0;82,830998
2534;1466,0;82,837418
2535;1465,0;82,840545
2536;1464,0;82,847716
2537;1463,0;82,862385
2538;1462,0;82,880657
2539;1461,0;82,905536
2540;1460,0;82,945807
2541;1459,0;83,000054
2542;1458,0;83,059921
2543;1457,0;83,134345
2544;1456,0;83,239888
2545;1455,0;83,351926
2546;1454,0;83,44265
2547;1453,0;83,526442
2548;1452,0;83,616578
2549;1451,0;83,704328
2550;1450,0;83,780193
2551;1449,0;83,848004
2552;1448,0;83,913349
2553;1447,0;83,975989
2554;1446,0;84,032846
2555;1445,0;84,089151
2556;1444,0;84,146376
2557;1443,0;84,190395
2558;1442,0;84,20584
2559;1441,0;84,191859
2560;1440,0;84,162185
2561;1439,0;84,127856
2562;1438,0;84,09048
2563;1437,0;84,042005
2564;1436,0;83,98457
2565;1435,0;83,932983
2566;1434,0;83,898718
2567;1433,0;83,89074
2568;1432,0;83,908285
2569;1431,0;83,928964
2570;1430,0;83,924786
2571;1429,0;83,885176
2572;1428,0;83,816167
2573;1427,0;83,72494
2574;1426,0;83,607203
2575;1425,0;83,46353
2576;1424,0;83,312203
2577;1423,0;83,178353
2578;1422,0;83,072322
2579;1421,0;82,983137
2580;1420,0;82,889624
2581;1419,0;82,780337
2582;1418,0;82,676568
2583;1417,0;82,604097
2584;1416,0;82,568656
2585;1415,0;82,566866
2586;1414,0;82,59192
2587;1413,0;82,63916
2588;1412,0;82,701166
2589;1411,0;82,760225
2590;1410,0;82,803534
2591;1409,0;82,84002
2592;1408,0;82,88856
2593;1407,0;82,954166
2594;1406,0;83,020421
2595;1405,0;83,075503
2596;1404,0;83,126838
2597;1403,0;83,183574
2598;1402,0;83,24768
2599;1401,0;83,322241
2600;1400,0;83,41102
2601;1399,0;83,505075
2602;1398,0;83,590418
2603;1397,0;83,667802
2604;1396,0;83,751857
2605;1395,0;83,849419
2606;1394,0;83,949677
2607;1393,0;84,042653
2608;1392,0;84,126661
2609;1391,0;84,203189
2610;1390,0;84,275875
2611;1389,0;84,349644
2612;1388,0;84,424218
2613;1387,0;84,490177
2614;1386,0;84,538643
2615;1385,0;84,572615
2616;1384,0;84,599552
2617;1383,0;84,618496
2618;1382,0;84,625975
2619;1381,0;84,626946
2620;1380,0;84,633299
2621;1379,0;84,652059
2622;1378,0;84,682651
2623;1377,0;84,723792
2624;1376,0;84,773889
2625;1375,0;84,825279
2626;1374,0;84,869056
2627;1373,0;84,908212
2628;1372,0;84,952053
2629;1371,0;85,004565
2630;1370,0;85,063731
2631;1369,0;85,126606
2632;1368,0;85,18771
2633;1367,0;85,24187
2634;1366,0;85,298585
2635;1365,0;85,382236
2636;1364,0;85,50527
2637;1363,0;85,643028
2638;1362,0;85,753829
2639;1361,0;85,823962
2640;1360,0;85,868603
2641;1359,0;85,897326
2642;1358,0;85,905649
2643;1357,0;85,894984
2644;1356,0;85,879511
2645;1355,0;85,871381
2646;1354,0;85,873101
2647;1353,0;85,885191
2648;1352,0;85,908374
2649;1351,0;85,939774
2650;1350,0;85,975354
2651;1349,0;86,021895
2652;1348,0;86,091836
2653;1347,0;86,184641
2654;1346,0;86,284981
2655;1345,0;86,378956
2656;1344,0;86,463342
2657;1343,0;86,539792
2658;1342,0;86,611346
2659;1341,0;86,683901
2660;1340,0;86,759207
2661;1339,0;86,825185
2662;1338,0;86,867154
2663;1337,0;86,888748
2664;1336,0;86,907868
2665;1335,0;86,934102
2666;1334,0;86,961647
2667;1333,0;86,982242
2668;1332,0;86,993584
2669;1331,0;86,99477
2670;1330,0;86,984888
2671;1329,0;86,969669
2672;1328,0;86,960568
2673;1327,0;86,963905
2674;1326,0;86,975772
2675;1325,0;86,988972
2676;1324,0;86,997979
2677;1323,0;86,998865
2678;1322,0;86,994318
2679;1321,0;86,99764
2680;1320,0;87,021271
2681;1319,0;87,059578
2682;1318,0;87,094086
2683;1317,0;87,118586
2684;1316,0;87,147307
2685;1315,0;87,194594
2686;1314,0;87,258085
2687;1313,0;87,327186
2688;1312,0;87,398306
2689;1311,0;87,472924
2690;1310,0;87,546471
2691;1309,0;87,608798
2692;1308,0;87,654978
2693;1307,0;87,691155
2694;1306,0;87,728178
2695;1305,0;87,771555
2696;1304,0;87,816597
2697;1303,0;87,852854
2698;1302,0;87,874717
2699;1301,0;87,886967
2700;1300,0;87,898203
2701;1299,0;87,910225
2702;1298,0;87,916713
2703;1297,0;87,910735
2704;1296,0;87,890216
2705;1295,0;87,856572
2706;1294,0;87,811616
2707;1293,0;87,756118
2708;1292,0;87,689188
2709;1291,0;87,608762
2710;1290,0;87,513063
2711;1289,0;87,400472
2712;1288,0;87,268617
2713;1287,0;87,117923
2714;1286,0;86,957441
2715;1285,0;86,801991
2716;1284,0;86,659519
2717;1283,0;86,524569
2718;1282,0;86,388952
2719;1281,0;86,255956
2720;1280,0;86,136921
2721;1279,0;86,033133
2722;1278,0;85,92864
2723;1277,0;85,80466
2724;1276,0;85,656918
2725;1275,0;85,49589
2726;1274,0;85,33382
2727;1273,0;85,175513
2728;1272,0;85,019583
2729;1271,0;84,863588
2730;1270,0;84,706158
2731;1269,0;84,546337
2732;1268,0;84,383503
2733;1267,0;84,218819
2734;1266,0;84,056047
2735;1265,0;83,898972
2736;1264,0;83,747398
2737;1263,0;83,597144
2738;1262,0;83,444403
2739;1261,0;83,288019
2740;1260,0;83,127795
2741;1259,0;82,965276
2742;1258,0;82,808881
2743;1257,0;82,672453
2744;1256,0;82,562532
2745;1255,0;82,469403
2746;1254,0;82,375645
2747;1253,0;82,270331
2748;1252,0;82,149777
2749;1251,0;82,011899
2750;1250,0;81,86195
2751;1249,0;81,719889
2752;1248,0;81,607492
2753;1247,0;81,526076
2754;1246,0;81,457683
2755;1245,0;81,38832
2756;1244,0;81,316928
2757;1243,0;81,240663
2758;1242,0;81,148406
2759;1241,0;81,035947
2760;1240,0;80,913913
2761;1239,0;80,792443
2762;1238,0;80,669611
2763;1237,0;80,543504
2764;1236,0;80,424035
2765;1235,0;80,321189
2766;1234,0;80,229561
2767;1233,0;80,135803
2768;1232,0;80,035994
2769;1231,0;79,937024
2770;1230,0;79,846589
2771;1229,0;79,769432
2772;1228,0;79,707348
2773;1227,0;79,655514
2774;1226,0;79,604392
2775;1225,0;79,550112
2776;1224,0;79,493693
2777;1223,0;79,423658
2778;1222,0;79,311304
2779;1221,0;79,1358
2780;1220,0;78,909893
2781;1219,0;78,674483
2782;1218,0;78,472917
2783;1217,0;78,332531
2784;1216,0;78,257208
2785;1215,0;78,224804
2786;1214,0;78,199518
2787;1213,0;78,1589
2788;1212,0;78,104388
2789;1211,0;78,042055
2790;1210,0;77,968161
2791;1209,0;77,884547
2792;1208,0;77,813103
2793;1207,0;77,778061
2794;1206,0;77,782792
2795;1205,0;77,818273
2796;1204,0;77,884556
2797;1203,0;77,988062
2798;1202,0;78,126483
2799;1201,0;78,292929
2800;1200,0;78,488889
2801;1199,0;78,719299
2802;1198,0;78,98146
2803;1197,0;79,270785
2804;1196,0;79,588966
2805;1195,0;79,934679
2806;1194,0;80,296177
2807;1193,0;80,666116
2808;1192,0;81,053889
2809;1191,0;81,469284
2810;1190,0;81,901857
2811;1189,0;82,329273
2812;1188,0;82,73835
2813;1187,0;83,126069
2814;1186,0;83,488429
2815;1185,0;83,822325
2816;1184,0;84,134153
2817;1183,0;84,435201
2818;1182,0;84,730774
2819;1181,0;85,020828
2820;1180,0;85,305833
2821;1179,0;85,583179
2822;1178,0;85,842658
2823;1177,0;86,075749
2824;1176,0;86,288485
2825;1175,0;86,498429
2826;1174,0;86,719161
2827;1173,0;86,951931
2828;1172,0;87,190765
2829;1171,0;87,430468
2830;1170,0;87,669309
2831;1169,0;87,906682
2832;1168,0;88,139618
2833;1167,0;88,363405
2834;1166,0;88,576774
2835;1165,0;88,782635
2836;1164,0;88,979817
2837;1163,0;89,158846
2838;1162,0;89,312994
2839;1161,0;89,450171
2840;1160,0;89,585907
2841;1159,0;89,726787
2842;1158,0;89,868382
2843;1157,0;90,00586
2844;1156,0;90,135684
2845;1155,0;90,248754
2846;1154,0;90,335349
2847;1153,0;90,39978
2848;1152,0;90,459112
2849;1151,0;90,522555
2850;1150,0;90,579903
2851;1149,0;90,614346
2852;1148,0;90,618853
2853;1147,0;90,594399
2854;1146,0;90,538777
2855;1145,0;90,445596
2856;1144,0;90,313219
2857;1143,0;90,148098
2858;1142,0;89,956809
2859;1141,0;89,738081
2860;1140,0;89,48634
2861;1139,0;89,202445
2862;1138,0;88,89674
2863;1137,0;88,579308
2864;1136,0;88,249875
2865;1135,0;87,900374
2866;1134,0;87,52536
2867;1133,0;87,124362
2868;1132,0;86,692763
2869;1131,0;86,216129
2870;1130,0;85,679123
2871;1129,0;85,078331
2872;1128,0;84,420817
2873;1127,0;83,709991
2874;1126,0;82,939399
2875;1125,0;82,104822
2876;1124,0;81,218121
2877;1123,0;80,302419
2878;1122,0;79,375631
2879;1121,0;78,446428
2880;1120,0;77,524609
2881;1119,0;76,624356
2882;1118,0;75,75665
2883;1117,0;74,930894
2884;1116,0;74,167128
2885;1115,0;73,495508
2886;1114,0;72,940351
2887;1113,0;72,512502
2888;1112,0;72,213402
2889;1111,0;72,032904
2890;1110,0;71,947764
2891;1109,0;71,939835
2892;1108,0;72,013585
2893;1107,0;72,180844
2894;1106,0;72,43124
2895;1105,0;72,730854
2896;1104,0;73,044361
2897;1103,0;73,346374
2898;1102,0;73,620702
2899;1101,0;73,863494
2900;1100,0;74,07999
2901;1099,0;74,264676
2902;1098,0;74,39084
2903;1097,0;74,430745
2904;1096,0;74,37865
2905;1095,0;74,245478
2906;1094,0;74,044136
2907;1093,0;73,795167
2908;1092,0;73,535743
2909;1091,0;73,301858
2910;1090,0;73,103135
2911;1089,0;72,929996
2912;1088,0;72,781645
2913;1087,0;72,672786
2914;1086,0;72,619261
2915;1085,0;72,632265
2916;1084,0;72,718191
2917;1083,0;72,865645
2918;1082,0;73,039583
2919;1081,0;73,207183
2920;1080,0;73,364242
2921;1079,0;73,520472
2922;1078,0;73,666764
2923;1077,0;73,774211
2924;1076,0;73,818877
2925;1075,0;73,791412
2926;1074,0;73,689515
2927;1073,0;73,51737
2928;1072,0;73,285621
2929;1071,0;72,99479
2930;1070,0;72,624019
2931;1069,0;72,152042
2932;1068,0;71,582116
2933;1067,0;70,928227
2934;1066,0;70,184813
2935;1065,0;69,334858
2936;1064,0;68,387558
2937;1063,0;67,384784
2938;1062,0;66,366943
2939;1061,0;65,352507
2940;1060,0;64,351695
2941;1059,0;63,374797
2942;1058,0;62,420901
2943;1057,0;61,479663
2944;1056,0;60,547899
2945;1055,0;59,624632
2946;1054,0;58,69193
2947;1053,0;57,729237
2948;1052,0;56,75095
2949;1051,0;55,798488
2950;1050,0;54,888329
2951;1049,0;54,005436
2952;1048,0;53,153122
2953;1047,0;52,363629
2954;1046,0;51,652921
2955;1045,0;51,004592
2956;1044,0;50,399905
2957;1043,0;49,830649
2958;1042,0;49,283064
2959;1041,0;48,738902
2960;1040,0;48,19255
2961;1039,0;47,640854
2962;1038,0;47,060071
2963;1037,0;46,421783
2964;1036,0;45,727053
2965;1035,0;44,995169
2966;1034,0;44,225086
2967;1033,0;43,400951
2968;1032,0;42,530168
2969;1031,0;41,641262
2970;1030,0;40,749268
2971;1029,0;39,85983
2972;1028,0;39,001821
2973;1027,0;38,215817
2974;1026,0;37,514731
2975;1025,0;36,897378
2976;1024,0;36,395203
2977;1023,0;36,059968
2978;1022,0;35,909437
2979;1021,0;35,931885
2980;1020,0;36,138987
2981;1019,0;36,562904
2982;1018,0;37,202177
2983;1017,0;38,018383
2984;1016,0;38,981755
2985;1015,0;40,070428
2986;1014,0;41,227547
2987;1013,0;42,368731
2988;1012,0;43,437978
2989;1011,0;44,422725
2990;1010,0;45,319175
2991;1009,0;46,121025
2992;1008,0;46,841991
2993;1007,0;47,514783
2994;1006,0;48,163537
2995;1005,0;48,800745
2996;1004,0;49,445777
2997;1003,0;50,118083
2998;1002,0;50,815621
2999;1001,0;51,52595
3000;1000,0;52,252994
3001;999,0;53,008337
3002;998,0;53,785923
3003;997,0;54,573662
3004;996,0;55,382129
3005;995,0;56,233519
3006;994,0;57,129055
3007;993,0;58,054752
3008;992,0;59,012038
3009;991,0;60,013408
3010;990,0;61,051218
3011;989,0;62,096993
3012;988,0;63,129419
3013;987,0;64,139973
3014;986,0;65,113066
3015;985,0;66,02153
3016;984,0;66,842264
3017;983,0;67,562869
3018;982,0;68,1768
3019;981,0;68,685617
3020;980,0;69,102827
3021;979,0;69,444207
3022;978,0;69,717974
3023;977,0;69,93346
3024;976,0;70,113554
3025;975,0;70,289686
3026;974,0;70,49267
3027;973,0;70,7579
3028;972,0;71,125697
3029;971,0;71,615241
3030;970,0;72,199169
3031;969,0;72,813944
3032;968,0;73,385472
3033;967,0;73,832134
3034;966,0;74,059358
3035;965,0;73,980862
3036;964,0;73,557158
3037;963,0;72,81573
3038;962,0;71,844857
3039;961,0;70,776835
3040;960,0;69,763493
3041;959,0;68,93501
3042;958,0;68,358074
3043;957,0;68,029168
3044;956,0;67,903395
3045;955,0;67,925972
3046;954,0;68,058244
3047;953,0;68,306611
3048;952,0;68,731107
3049;951,0;69,408842
3050;950,0;70,382671
3051;949,0;71,641884
3052;948,0;73,126661
3053;947,0;74,72818
3054;946,0;76,304113
3055;945,0;77,728913
3056;944,0;78,935313
3057;943,0;79,905035
3058;942,0;80,636645
3059;941,0;81,134627
3060;940,0;81,414295
3061;939,0;81,497763
3062;938,0;81,405552
3063;937,0;81,158381
3064;936,0;80,780472
3065;935,0;80,293368
3066;934,0;79,714024
3067;933,0;79,067874
3068;932,0;78,395162
3069;931,0;77,732096
3070;930,0;77,093679
3071;929,0;76,4901
3072;928,0;75,951023
3073;927,0;75,511561
3074;926,0;75,177604
3075;925,0;74,928576
3076;924,0;74,75611
3077;923,0;74,679044
3078;922,0;74,717056
3079;921,0;74,867205
3080;920,0;75,108404
3081;919,0;75,412492
3082;918,0;75,750471
3083;917,0;76,104775
3084;916,0;76,478907
3085;915,0;76,885544
3086;914,0;77,328174
3087;913,0;77,804573
3088;912,0;78,320565
3089;911,0;78,883498
3090;910,0;79,484842
3091;909,0;80,103651
3092;908,0;80,724574
3093;907,0;81,339822
3094;906,0;81,937826
3095;905,0;82,504484
3096;904,0;83,035785
3097;903,0;83,540386
3098;902,0;84,02962
3099;901,0;84,507048
3100;900,0;84,960698
3101;899,0;85,362188
3102;898,0;85,684382
3103;897,0;85,927668
3104;896,0;86,119551
3105;895,0;86,281849
3106;894,0;86,40845
3107;893,0;86,482792
3108;892,0;86,505842
3109;891,0;86,496137
3110;890,0;86,471623
3111;889,0;86,442438
3112;888,0;86,412191
3113;887,0;86,372492
3114;886,0;86,303073
3115;885,0;86,191801
3116;884,0;86,050136
3117;883,0;85,89571
3118;882,0;85,725017
3119;881,0;85,518398
3120;880,0;85,266767
3121;879,0;84,975239
3122;878,0;84,642433
3123;877,0;84,25444
3124;876,0;83,798875
3125;875,0;83,26766
3126;874,0;82,649368
3127;873,0;81,941739
3128;872,0;81,173785
3129;871,0;80,394767
3130;870,0;79,638905
3131;869,0;78,921898
3132;868,0;78,273574
3133;867,0;77,747357
3134;866,0;77,387199
3135;865,0;77,203293
3136;864,0;77,184464
3137;863,0;77,311026
3138;862,0;77,546206
3139;861,0;77,835568
3140;860,0;78,129166
3141;859,0;78,39658
3142;858,0;78,61882
3143;857,0;78,780471
3144;856,0;78,877051
3145;855,0;78,920367
3146;854,0;78,929509
3147;853,0;78,920991
3148;852,0;78,908994
3149;851,0;78,908685
3150;850,0;78,938332
3151;849,0;79,021566
3152;848,0;79,180294
3153;847,0;79,4149
3154;846,0;79,698918
3155;845,0;80,008465
3156;844,0;80,351701
3157;843,0;80,753252
3158;842,0;81,214232
3159;841,0;81,705393
3160;840,0;82,197486
3161;839,0;82,680894
3162;838,0;83,155128
3163;837,0;83,615444
3164;836,0;84,053204
3165;835,0;84,456223
3166;834,0;84,804021
3167;833,0;85,072846
3168;832,0;85,252032
3169;831,0;85,352526
3170;830,0;85,397926
3171;829,0;85,409514
3172;828,0;85,396918
3173;827,0;85,355214
3174;826,0;85,270987
3175;825,0;85,139895
3176;824,0;84,978943
3177;823,0;84,814046
3178;822,0;84,659575
3179;821,0;84,519242
3180;820,0;84,397121
3181;819,0;84,293568
3182;818,0;84,198251
3183;817,0;84,102922
3184;816,0;84,018805
3185;815,0;83,968132
3186;814,0;83,957284
3187;813,0;83,968549
3188;812,0;83,979738
3189;811,0;83,98214
3190;810,0;83,977821
3191;809,0;83,969088
3192;808,0;83,954314
3193;807,0;83,929028
3194;806,0;83,890228
3195;805,0;83,843048
3196;804,0;83,800619
3197;803,0;83,772255
3198;802,0;83,75466
3199;801,0;83,73906
3200;800,0;83,720335
3201;799,0;83,692328
3202;798,0;83,643058
3203;797,0;83,566724
3204;796,0;83,475419
3205;795,0;83,387155
3206;794,0;83,30618
3207;793,0;83,225948
3208;792,0;83,145775
3209;791,0;83,069928
3210;790,0;82,991939
3211;789,0;82,893979
3212;788,0;82,763128
3213;787,0;82,59841
3214;786,0;82,40329
3215;785,0;82,18311
3216;784,0;81,950508
3217;783,0;81,721062
3218;782,0;81,497895
3219;781,0;81,265461
3220;780,0;81,000303
3221;779,0;80,686676
3222;778,0;80,328199
3223;777,0;79,950868
3224;776,0;79,587816
3225;775,0;79,250873
3226;774,0;78,920013
3227;773,0;78,567901
3228;772,0;78,189044
3229;771,0;77,796825
3230;770,0;77,402316
3231;769,0;77,012162
3232;768,0;76,643233
3233;767,0;76,322156
3234;766,0;76,065767
3235;765,0;75,868374
3236;764,0;75,707005
3237;763,0;75,555466
3238;762,0;75,401285
3239;761,0;75,256907
3240;760,0;75,149088
3241;759,0;75,09353
3242;758,0;75,084912
3243;757,0;75,105155
3244;756,0;75,124652
3245;755,0;75,106985
3246;754,0;75,052126
3247;753,0;75,03735
3248;752,0;75,162803
3249;751,0;75,428263
3250;750,0;75,703326
3251;749,0;75,856629
3252;748,0;75,886441
3253;747,0;75,886386
3254;746,0;75,913655
3255;745,0;75,945786
3256;744,0;75,950235
3257;743,0;75,932629
3258;742,0;75,907903
3259;741,0;75,871403
3260;740,0;75,814489
3261;739,0;75,740196
3262;738,0;75,655975
3263;737,0;75,572077
3264;736,0;75,50434
3265;735,0;75,455343
3266;734,0;75,399402
3267;733,0;75,311409
3268;732,0;75,201735
3269;731,0;75,096237
3270;730,0;74,995411
3271;729,0;74,885507
3272;728,0;74,773303
3273;727,0;74,671441
3274;726,0;74,56313
3275;725,0;74,423084
3276;724,0;74,264873
3277;723,0;74,12574
3278;722,0;74,011301
3279;721,0;73,894267
3280;720,0;73,762932
3281;719,0;73,628179
3282;718,0;73,483215
3283;717,0;73,307778
3284;716,0;73,11313
3285;715,0;72,935123
3286;714,0;72,780514
3287;713,0;72,62454
3288;712,0;72,465657
3289;711,0;72,335457
3290;710,0;72,245053
3291;709,0;72,165349
3292;708,0;72,069064
3293;707,0;71,953725
3294;706,0;71,820441
3295;705,0;71,668502
3296;704,0;71,51321
3297;703,0;71,368744
3298;702,0;71,211554
3299;701,0;71,007176
3300;700,0;70,774972
3301;699,0;70,573693
3302;698,0;70,419359
3303;697,0;70,267364
3304;696,0;70,081851
3305;695,0;69,871013
3306;694,0;69,642549
3307;693,0;69,385691
3308;692,0;69,115083
3309;691,0;68,871326
3310;690,0;68,655635
3311;689,0;68,413151
3312;688,0;68,106758
3313;687,0;67,75977
3314;686,0;67,402101
3315;685,0;67,036102
3316;684,0;66,669507
3317;683,0;66,31531
3318;682,0;65,95433
3319;681,0;65,559542
3320;680,0;65,157741
3321;679,0;64,803296
3322;678,0;64,496856
3323;677,0;64,201966
3324;676,0;63,926104
3325;675,0;63,707225
3326;674,0;63,54559
3327;673,0;63,413359
3328;672,0;63,31243
3329;671,0;63,246414
3330;670,0;63,174111
3331;669,0;62,982017
3332;668,0;62,665192
3333;667,0;62,544375
3334;666,0;62,658505
3335;665,0;62,74158
3336;664,0;62,698252
3337;663,0;62,588991
3338;662,0;62,481827
3339;661,0;62,367417
3340;660,0;62,223065
3341;659,0;62,083663
3342;658,0;61,987209
3343;657,0;61,917449
3344;656,0;61,861067
3345;655,0;61,790433
3346;654,0;61,692258
3347;653,0;61,461429
3348;652,0;61,477087
3349;651,0;61,370202
3350;650,0;61,293625
